-- MariaDB dump 10.19  Distrib 10.11.6-MariaDB, for debian-linux-gnu (x86_64)
--
-- Host: localhost    Database: IBDB2
-- ------------------------------------------------------
-- Server version	10.11.6-MariaDB-0+deb12u1

/*!40101 SET @OLD_CHARACTER_SET_CLIENT=@@CHARACTER_SET_CLIENT */;
/*!40101 SET @OLD_CHARACTER_SET_RESULTS=@@CHARACTER_SET_RESULTS */;
/*!40101 SET @OLD_COLLATION_CONNECTION=@@COLLATION_CONNECTION */;
/*!40101 SET NAMES utf8mb4 */;
/*!40103 SET @OLD_TIME_ZONE=@@TIME_ZONE */;
/*!40103 SET TIME_ZONE='+00:00' */;
/*!40014 SET @OLD_UNIQUE_CHECKS=@@UNIQUE_CHECKS, UNIQUE_CHECKS=0 */;
/*!40014 SET @OLD_FOREIGN_KEY_CHECKS=@@FOREIGN_KEY_CHECKS, FOREIGN_KEY_CHECKS=0 */;
/*!40101 SET @OLD_SQL_MODE=@@SQL_MODE, SQL_MODE='NO_AUTO_VALUE_ON_ZERO' */;
/*!40111 SET @OLD_SQL_NOTES=@@SQL_NOTES, SQL_NOTES=0 */;

--
-- Table structure for table `failed_jobs`
--

DROP TABLE IF EXISTS `failed_jobs`;
/*!40101 SET @saved_cs_client     = @@character_set_client */;
/*!40101 SET character_set_client = utf8 */;
CREATE TABLE `failed_jobs` (
  `id` bigint(20) unsigned NOT NULL AUTO_INCREMENT,
  `uuid` varchar(255) NOT NULL,
  `connection` text NOT NULL,
  `queue` text NOT NULL,
  `payload` longtext NOT NULL,
  `exception` longtext NOT NULL,
  `failed_at` timestamp NOT NULL DEFAULT current_timestamp(),
  PRIMARY KEY (`id`),
  UNIQUE KEY `failed_jobs_uuid_unique` (`uuid`)
) ENGINE=InnoDB DEFAULT CHARSET=utf8mb4 COLLATE=utf8mb4_unicode_ci;
/*!40101 SET character_set_client = @saved_cs_client */;

--
-- Dumping data for table `failed_jobs`
--

LOCK TABLES `failed_jobs` WRITE;
/*!40000 ALTER TABLE `failed_jobs` DISABLE KEYS */;
/*!40000 ALTER TABLE `failed_jobs` ENABLE KEYS */;
UNLOCK TABLES;

--
-- Table structure for table `kehadiran`
--

DROP TABLE IF EXISTS `kehadiran`;
/*!40101 SET @saved_cs_client     = @@character_set_client */;
/*!40101 SET character_set_client = utf8 */;
CREATE TABLE `kehadiran` (
  `id_kehadiran` bigint(20) unsigned NOT NULL AUTO_INCREMENT,
  `id_pertemuan` int(11) NOT NULL,
  `id_siswa` int(11) NOT NULL,
  `photo` int(11) NOT NULL,
  `created_at` timestamp NULL DEFAULT NULL,
  `updated_at` timestamp NULL DEFAULT NULL,
  PRIMARY KEY (`id_kehadiran`)
) ENGINE=InnoDB DEFAULT CHARSET=utf8mb4 COLLATE=utf8mb4_unicode_ci;
/*!40101 SET character_set_client = @saved_cs_client */;

--
-- Dumping data for table `kehadiran`
--

LOCK TABLES `kehadiran` WRITE;
/*!40000 ALTER TABLE `kehadiran` DISABLE KEYS */;
/*!40000 ALTER TABLE `kehadiran` ENABLE KEYS */;
UNLOCK TABLES;

--
-- Table structure for table `kelas`
--

DROP TABLE IF EXISTS `kelas`;
/*!40101 SET @saved_cs_client     = @@character_set_client */;
/*!40101 SET character_set_client = utf8 */;
CREATE TABLE `kelas` (
  `id_kelas` bigint(20) unsigned NOT NULL AUTO_INCREMENT,
  `id_mk` int(11) NOT NULL,
  `id_periode` int(11) NOT NULL,
  `nama_kelas` varchar(255) NOT NULL,
  `jam_mulai` varchar(255) NOT NULL,
  `jam_selesai` varchar(255) NOT NULL,
  `created_at` timestamp NULL DEFAULT NULL,
  `updated_at` timestamp NULL DEFAULT NULL,
  `tipe_kelas` int(11) NOT NULL,
  PRIMARY KEY (`id_kelas`)
) ENGINE=InnoDB AUTO_INCREMENT=124 DEFAULT CHARSET=utf8mb4 COLLATE=utf8mb4_unicode_ci;
/*!40101 SET character_set_client = @saved_cs_client */;

--
-- Dumping data for table `kelas`
--

LOCK TABLES `kelas` WRITE;
/*!40000 ALTER TABLE `kelas` DISABLE KEYS */;
INSERT INTO `kelas` VALUES
(1,1,1,'A','07:00:00','09:00:00','2024-08-13 06:21:11','2024-08-13 06:21:11',0),
(2,2,1,'A','07:00:00','09:00:00','2024-08-13 06:21:11','2024-08-13 06:21:11',0),
(3,2,1,'B','07:00:00','09:00:00','2024-08-13 06:21:11','2024-08-13 06:21:11',0),
(4,3,1,'A','07:00:00','09:00:00','2024-08-13 06:21:11','2024-08-13 06:21:11',0),
(5,4,1,'A','07:00:00','09:00:00','2024-08-13 06:21:11','2024-08-13 06:21:11',0),
(6,4,1,'B','07:00:00','09:00:00','2024-08-13 06:21:11','2024-08-13 06:21:11',0),
(7,5,1,'A','07:00:00','09:00:00','2024-08-13 06:21:11','2024-08-13 06:21:11',0),
(8,6,1,'A','07:00:00','09:00:00','2024-08-13 06:21:11','2024-08-13 06:21:11',0),
(9,6,1,'B','07:00:00','09:00:00','2024-08-13 06:21:11','2024-08-13 06:21:11',0),
(10,7,1,'A','07:00:00','09:00:00','2024-08-13 06:21:11','2024-08-13 06:21:11',0),
(11,7,1,'B','07:00:00','09:00:00','2024-08-13 06:21:11','2024-08-13 06:21:11',0),
(12,8,1,'A','07:00:00','09:00:00','2024-08-13 06:21:11','2024-08-13 06:21:11',0),
(13,9,1,'A','07:00:00','09:00:00','2024-08-13 06:21:11','2024-08-13 06:21:11',1),
(14,9,1,'A','07:00:00','09:00:00','2024-08-13 06:21:11','2024-08-13 06:21:11',0),
(15,10,1,'A','07:00:00','09:00:00','2024-08-13 06:21:11','2024-08-13 06:21:11',0),
(16,11,1,'A','07:00:00','09:00:00','2024-08-13 06:21:11','2024-08-13 06:21:11',0),
(17,12,1,'A','07:00:00','09:00:00','2024-08-13 06:21:11','2024-08-13 06:21:11',1),
(18,12,1,'A','07:00:00','09:00:00','2024-08-13 06:21:12','2024-08-13 06:21:12',0),
(19,13,1,'A','07:00:00','09:00:00','2024-08-13 06:21:12','2024-08-13 06:21:12',0),
(20,14,1,'A','07:00:00','09:00:00','2024-08-13 06:21:12','2024-08-13 06:21:12',0),
(21,15,1,'A','07:00:00','09:00:00','2024-08-13 06:21:12','2024-08-13 06:21:12',0),
(22,15,1,'B','07:00:00','09:00:00','2024-08-13 06:21:12','2024-08-13 06:21:12',0),
(23,15,1,'C','07:00:00','09:00:00','2024-08-13 06:21:12','2024-08-13 06:21:12',0),
(24,16,1,'A','07:00:00','09:00:00','2024-08-13 06:21:12','2024-08-13 06:21:12',0),
(25,16,1,'B','07:00:00','09:00:00','2024-08-13 06:21:12','2024-08-13 06:21:12',0),
(26,16,1,'C','07:00:00','09:00:00','2024-08-13 06:21:12','2024-08-13 06:21:12',0),
(27,16,1,'C1','07:00:00','09:00:00','2024-08-13 06:21:12','2024-08-13 06:21:12',1),
(28,16,1,'C2','07:00:00','09:00:00','2024-08-13 06:21:12','2024-08-13 06:21:12',1),
(29,16,1,'A1','07:00:00','09:00:00','2024-08-13 06:21:12','2024-08-13 06:21:12',1),
(30,16,1,'A2','07:00:00','09:00:00','2024-08-13 06:21:12','2024-08-13 06:21:12',1),
(31,16,1,'B1','07:00:00','09:00:00','2024-08-13 06:21:12','2024-08-13 06:21:12',1),
(32,16,1,'B2','07:00:00','09:00:00','2024-08-13 06:21:12','2024-08-13 06:21:12',1),
(33,17,1,'A','07:00:00','09:00:00','2024-08-13 06:21:12','2024-08-13 06:21:12',0),
(34,17,1,'B','07:00:00','09:00:00','2024-08-13 06:21:12','2024-08-13 06:21:12',0),
(35,17,1,'C','07:00:00','09:00:00','2024-08-13 06:21:12','2024-08-13 06:21:12',0),
(36,18,1,'C','07:00:00','09:00:00','2024-08-13 06:21:12','2024-08-13 06:21:12',0),
(37,18,1,'A','07:00:00','09:00:00','2024-08-13 06:21:12','2024-08-13 06:21:12',0),
(38,18,1,'B','07:00:00','09:00:00','2024-08-13 06:21:12','2024-08-13 06:21:12',0),
(39,19,1,'C','07:00:00','09:00:00','2024-08-13 06:21:12','2024-08-13 06:21:12',0),
(40,19,1,'B','07:00:00','09:00:00','2024-08-13 06:21:12','2024-08-13 06:21:12',0),
(41,19,1,'A','07:00:00','09:00:00','2024-08-13 06:21:12','2024-08-13 06:21:12',0),
(42,20,1,'A','07:00:00','09:00:00','2024-08-13 06:21:12','2024-08-13 06:21:12',1),
(43,20,1,'A','07:00:00','09:00:00','2024-08-13 06:21:12','2024-08-13 06:21:12',0),
(44,20,1,'B','07:00:00','09:00:00','2024-08-13 06:21:12','2024-08-13 06:21:12',1),
(45,20,1,'B','07:00:00','09:00:00','2024-08-13 06:21:12','2024-08-13 06:21:12',0),
(46,20,1,'C','07:00:00','09:00:00','2024-08-13 06:21:12','2024-08-13 06:21:12',1),
(47,20,1,'C','07:00:00','09:00:00','2024-08-13 06:21:12','2024-08-13 06:21:12',0),
(48,21,1,'A','07:00:00','09:00:00','2024-08-13 06:21:12','2024-08-13 06:21:12',1),
(49,21,1,'A','07:00:00','09:00:00','2024-08-13 06:21:12','2024-08-13 06:21:12',0),
(50,22,1,'A','07:00:00','09:00:00','2024-08-13 06:21:12','2024-08-13 06:21:12',1),
(51,22,1,'A','07:00:00','09:00:00','2024-08-13 06:21:12','2024-08-13 06:21:12',0),
(52,23,1,'A','07:00:00','09:00:00','2024-08-13 06:21:12','2024-08-13 06:21:12',1),
(53,23,1,'A','07:00:00','09:00:00','2024-08-13 06:21:12','2024-08-13 06:21:12',0),
(54,24,1,'A','07:00:00','09:00:00','2024-08-13 06:21:12','2024-08-13 06:21:12',1),
(55,24,1,'A','07:00:00','09:00:00','2024-08-13 06:21:12','2024-08-13 06:21:12',0),
(56,25,1,'A','07:00:00','09:00:00','2024-08-13 06:21:12','2024-08-13 06:21:12',0),
(57,25,1,'B','07:00:00','09:00:00','2024-08-13 06:21:12','2024-08-13 06:21:12',1),
(58,25,1,'B','07:00:00','09:00:00','2024-08-13 06:21:12','2024-08-13 06:21:12',0),
(59,25,1,'A','07:00:00','09:00:00','2024-08-13 06:21:12','2024-08-13 06:21:12',1),
(60,26,1,'A','07:00:00','09:00:00','2024-08-13 06:21:12','2024-08-13 06:21:12',1),
(61,26,1,'A','07:00:00','09:00:00','2024-08-13 06:21:12','2024-08-13 06:21:12',0),
(62,26,1,'B','07:00:00','09:00:00','2024-08-13 06:21:12','2024-08-13 06:21:12',1),
(63,26,1,'B','07:00:00','09:00:00','2024-08-13 06:21:12','2024-08-13 06:21:12',0),
(64,27,1,'A','07:00:00','09:00:00','2024-08-13 06:21:12','2024-08-13 06:21:12',0),
(65,27,1,'B','07:00:00','09:00:00','2024-08-13 06:21:12','2024-08-13 06:21:12',0),
(66,28,1,'A','07:00:00','09:00:00','2024-08-13 06:21:12','2024-08-13 06:21:12',0),
(67,28,1,'B','07:00:00','09:00:00','2024-08-13 06:21:12','2024-08-13 06:21:12',0),
(68,28,1,'B','07:00:00','09:00:00','2024-08-13 06:21:12','2024-08-13 06:21:12',1),
(69,28,1,'A','07:00:00','09:00:00','2024-08-13 06:21:12','2024-08-13 06:21:12',1),
(70,29,1,'A','07:00:00','09:00:00','2024-08-13 06:21:12','2024-08-13 06:21:12',0),
(71,29,1,'B','07:00:00','09:00:00','2024-08-13 06:21:12','2024-08-13 06:21:12',0),
(72,30,1,'A','07:00:00','09:00:00','2024-08-13 06:21:12','2024-08-13 06:21:12',0),
(73,30,1,'B','07:00:00','09:00:00','2024-08-13 06:21:12','2024-08-13 06:21:12',0),
(74,31,1,'A','07:00:00','09:00:00','2024-08-13 06:21:12','2024-08-13 06:21:12',0),
(75,31,1,'B','07:00:00','09:00:00','2024-08-13 06:21:12','2024-08-13 06:21:12',0),
(76,32,1,'A','07:00:00','09:00:00','2024-08-13 06:21:12','2024-08-13 06:21:12',0),
(77,32,1,'B','07:00:00','09:00:00','2024-08-13 06:21:13','2024-08-13 06:21:13',0),
(78,33,1,'A','07:00:00','09:00:00','2024-08-13 06:21:13','2024-08-13 06:21:13',0),
(79,34,1,'A','07:00:00','09:00:00','2024-08-13 06:21:13','2024-08-13 06:21:13',1),
(80,34,1,'A','07:00:00','09:00:00','2024-08-13 06:21:13','2024-08-13 06:21:13',0),
(81,35,1,'A','07:00:00','09:00:00','2024-08-13 06:21:13','2024-08-13 06:21:13',0),
(82,36,1,'A','07:00:00','09:00:00','2024-08-13 06:21:13','2024-08-13 06:21:13',0),
(83,37,1,'A','07:00:00','09:00:00','2024-08-13 06:21:13','2024-08-13 06:21:13',1),
(84,37,1,'A','07:00:00','09:00:00','2024-08-13 06:21:13','2024-08-13 06:21:13',0),
(85,38,1,'A','07:00:00','09:00:00','2024-08-13 06:21:13','2024-08-13 06:21:13',0),
(86,39,1,'A','07:00:00','09:00:00','2024-08-13 06:21:13','2024-08-13 06:21:13',0),
(87,40,1,'A','07:00:00','09:00:00','2024-08-13 06:21:13','2024-08-13 06:21:13',0),
(88,40,1,'A','07:00:00','09:00:00','2024-08-13 06:21:13','2024-08-13 06:21:13',1),
(89,41,1,'A','07:00:00','09:00:00','2024-08-13 06:21:13','2024-08-13 06:21:13',0),
(90,42,1,'A','07:00:00','09:00:00','2024-08-13 06:21:13','2024-08-13 06:21:13',0),
(91,43,1,'A','07:00:00','09:00:00','2024-08-13 06:21:13','2024-08-13 06:21:13',0),
(92,44,1,'A','07:00:00','09:00:00','2024-08-13 06:21:13','2024-08-13 06:21:13',0),
(93,45,1,'A','07:00:00','09:00:00','2024-08-13 06:21:13','2024-08-13 06:21:13',0),
(94,46,1,'A','07:00:00','09:00:00','2024-08-13 06:21:13','2024-08-13 06:21:13',0),
(95,47,1,'A','07:00:00','09:00:00','2024-08-13 06:21:13','2024-08-13 06:21:13',0),
(96,48,1,'A','07:00:00','09:00:00','2024-08-13 06:21:13','2024-08-13 06:21:13',0),
(97,49,1,'A','07:00:00','09:00:00','2024-08-13 06:21:13','2024-08-13 06:21:13',0),
(98,50,1,'A','07:00:00','09:00:00','2024-08-13 06:21:13','2024-08-13 06:21:13',0),
(99,51,1,'A','07:00:00','09:00:00','2024-08-13 06:21:13','2024-08-13 06:21:13',0),
(100,52,1,'A','07:00:00','09:00:00','2024-08-13 06:21:13','2024-08-13 06:21:13',0),
(101,53,1,'A','07:00:00','09:00:00','2024-08-13 06:21:13','2024-08-13 06:21:13',0),
(102,53,1,'B','07:00:00','09:00:00','2024-08-13 06:21:13','2024-08-13 06:21:13',0),
(103,53,1,'C','07:00:00','09:00:00','2024-08-13 06:21:13','2024-08-13 06:21:13',0),
(104,54,1,'A','07:00:00','09:00:00','2024-08-13 06:21:13','2024-08-13 06:21:13',0),
(105,55,1,'A','07:00:00','09:00:00','2024-08-13 06:21:13','2024-08-13 06:21:13',0),
(106,55,1,'B','07:00:00','09:00:00','2024-08-13 06:21:13','2024-08-13 06:21:13',0),
(107,56,1,'A','07:00:00','09:00:00','2024-08-13 06:21:14','2024-08-13 06:21:14',0),
(108,56,1,'B','07:00:00','09:00:00','2024-08-13 06:21:14','2024-08-13 06:21:14',0),
(109,57,1,'A','07:00:00','09:00:00','2024-08-13 06:21:14','2024-08-13 06:21:14',0),
(110,58,1,'A','07:00:00','09:00:00','2024-08-13 06:21:14','2024-08-13 06:21:14',0),
(111,59,1,'A','07:00:00','09:00:00','2024-08-13 06:21:14','2024-08-13 06:21:14',0),
(112,59,1,'B','07:00:00','09:00:00','2024-08-13 06:21:14','2024-08-13 06:21:14',0),
(113,60,1,'B','07:00:00','09:00:00','2024-08-13 06:21:14','2024-08-13 06:21:14',0),
(114,60,1,'A','07:00:00','09:00:00','2024-08-13 06:21:14','2024-08-13 06:21:14',0),
(115,61,1,'A','07:00:00','09:00:00','2024-08-13 06:21:14','2024-08-13 06:21:14',0),
(116,61,1,'B','07:00:00','09:00:00','2024-08-13 06:21:14','2024-08-13 06:21:14',0),
(117,62,1,'A','07:00:00','09:00:00','2024-08-13 06:21:14','2024-08-13 06:21:14',1),
(118,62,1,'A','07:00:00','09:00:00','2024-08-13 06:21:14','2024-08-13 06:21:14',0),
(119,62,1,'B','07:00:00','09:00:00','2024-08-13 06:21:14','2024-08-13 06:21:14',1),
(120,62,1,'B','07:00:00','09:00:00','2024-08-13 06:21:14','2024-08-13 06:21:14',0),
(121,63,1,'A','07:00:00','09:00:00','2024-08-13 06:21:14','2024-08-13 06:21:14',0),
(122,64,1,'B','07:00:00','09:00:00','2024-08-13 06:21:14','2024-08-13 06:21:14',0),
(123,64,1,'A','07:00:00','09:00:00','2024-08-13 06:21:14','2024-08-13 06:21:14',0);
/*!40000 ALTER TABLE `kelas` ENABLE KEYS */;
UNLOCK TABLES;

--
-- Table structure for table `migrations`
--

DROP TABLE IF EXISTS `migrations`;
/*!40101 SET @saved_cs_client     = @@character_set_client */;
/*!40101 SET character_set_client = utf8 */;
CREATE TABLE `migrations` (
  `id` int(10) unsigned NOT NULL AUTO_INCREMENT,
  `migration` varchar(255) NOT NULL,
  `batch` int(11) NOT NULL,
  PRIMARY KEY (`id`)
) ENGINE=InnoDB AUTO_INCREMENT=15 DEFAULT CHARSET=utf8mb4 COLLATE=utf8mb4_unicode_ci;
/*!40101 SET character_set_client = @saved_cs_client */;

--
-- Dumping data for table `migrations`
--

LOCK TABLES `migrations` WRITE;
/*!40000 ALTER TABLE `migrations` DISABLE KEYS */;
INSERT INTO `migrations` VALUES
(1,'2014_10_12_000000_create_users_table',1),
(2,'2014_10_12_100000_create_password_reset_tokens_table',1),
(3,'2019_08_19_000000_create_failed_jobs_table',1),
(4,'2019_12_14_000001_create_personal_access_tokens_table',1),
(5,'2024_06_25_130551_create_mk_table',1),
(6,'2024_06_25_130618_create_periode_table',1),
(7,'2024_06_25_130642_create_kelas_table',1),
(8,'2024_06_25_130656_create_pertemuan_table',1),
(9,'2024_06_25_134820_create_photo_table',1),
(10,'2024_06_25_134835_create_pertemuan_photo_table',1),
(11,'2024_06_25_134842_create_kehadiran_table',1),
(12,'2024_07_16_021605_create_user_kelas',1),
(13,'2024_07_17_054252_add_column_role',1),
(14,'2024_07_17_091007_add_tipe_kelas',1);
/*!40000 ALTER TABLE `migrations` ENABLE KEYS */;
UNLOCK TABLES;

--
-- Table structure for table `mk`
--

DROP TABLE IF EXISTS `mk`;
/*!40101 SET @saved_cs_client     = @@character_set_client */;
/*!40101 SET character_set_client = utf8 */;
CREATE TABLE `mk` (
  `id_mk` bigint(20) unsigned NOT NULL AUTO_INCREMENT,
  `kode_mk` varchar(200) NOT NULL,
  `nama_mk` varchar(200) NOT NULL,
  `sks_mk` int(11) NOT NULL,
  `created_at` timestamp NULL DEFAULT NULL,
  `updated_at` timestamp NULL DEFAULT NULL,
  PRIMARY KEY (`id_mk`)
) ENGINE=InnoDB AUTO_INCREMENT=65 DEFAULT CHARSET=utf8mb4 COLLATE=utf8mb4_unicode_ci;
/*!40101 SET character_set_client = @saved_cs_client */;

--
-- Dumping data for table `mk`
--

LOCK TABLES `mk` WRITE;
/*!40000 ALTER TABLE `mk` DISABLE KEYS */;
INSERT INTO `mk` VALUES
(1,'BI055','Pancasila',2,'2024-08-13 06:21:11','2024-08-13 06:21:11'),
(2,'BID01','Pengenalan Data Science',2,'2024-08-13 06:21:11','2024-08-13 06:21:11'),
(3,'BID02','Sistem Informasi Akuntansi dan Keuangan',2,'2024-08-13 06:21:11','2024-08-13 06:21:11'),
(4,'BID03','Pengendalian dan Audit Teknologi Informasi',2,'2024-08-13 06:21:11','2024-08-13 06:21:11'),
(5,'BID04','Technopreneurship',2,'2024-08-13 06:21:11','2024-08-13 06:21:11'),
(6,'BID05','Pemodelan Sistem Informasi',2,'2024-08-13 06:21:11','2024-08-13 06:21:11'),
(7,'BID06','Strategi Penelitian',2,'2024-08-13 06:21:11','2024-08-13 06:21:11'),
(8,'BIE01','Kerja Praktek Kompetensi 1',2,'2024-08-13 06:21:11','2024-08-13 06:21:11'),
(9,'BIE06','Sistem Operasi dan Jaringan Komputer',2,'2024-08-13 06:21:11','2024-08-13 06:21:11'),
(10,'BIF02','Keamanan Sistem Informasi',2,'2024-08-13 06:21:11','2024-08-13 06:21:11'),
(11,'BIF03','Perancangan Sistem Informasi',2,'2024-08-13 06:21:11','2024-08-13 06:21:11'),
(12,'BIF04','Pengembangan Aplikasi Enterprise',2,'2024-08-13 06:21:11','2024-08-13 06:21:11'),
(13,'BIG01','Kerja Praktek Komptensi 2',2,'2024-08-13 06:21:12','2024-08-13 06:21:12'),
(14,'BIH01','Program Pengayaan',2,'2024-08-13 06:21:12','2024-08-13 06:21:12'),
(15,'IN217','Teknik Komunikasi Bahasa Inggris',2,'2024-08-13 06:21:12','2024-08-13 06:21:12'),
(16,'IN220','Dasar Pemrograman',2,'2024-08-13 06:21:12','2024-08-13 06:21:12'),
(17,'IN221','Arsitektur dan Keamanan Jaringan',2,'2024-08-13 06:21:12','2024-08-13 06:21:12'),
(18,'IN222','Arsitektur Komputer Modern',2,'2024-08-13 06:21:12','2024-08-13 06:21:12'),
(19,'IN223','Aljabar Linier',2,'2024-08-13 06:21:12','2024-08-13 06:21:12'),
(20,'IN224','Desain Basis Data',2,'2024-08-13 06:21:12','2024-08-13 06:21:12'),
(21,'IN233','Algoritma dan Struktur Data',2,'2024-08-13 06:21:12','2024-08-13 06:21:12'),
(22,'IN234','Paradigma Pemrograman',2,'2024-08-13 06:21:12','2024-08-13 06:21:12'),
(23,'IN235','Pola Desain Perangkat Lunak',2,'2024-08-13 06:21:12','2024-08-13 06:21:12'),
(24,'IN236','Pemrograman Terapan',2,'2024-08-13 06:21:12','2024-08-13 06:21:12'),
(25,'IN237','Basis Data Lanjut',2,'2024-08-13 06:21:12','2024-08-13 06:21:12'),
(26,'IN240','Pemrograman Web Lanjut',2,'2024-08-13 06:21:12','2024-08-13 06:21:12'),
(27,'IN241','Statistika',2,'2024-08-13 06:21:12','2024-08-13 06:21:12'),
(28,'IN242','Kecerdasan Mesin',2,'2024-08-13 06:21:12','2024-08-13 06:21:12'),
(29,'IN243','Sistem Operasi Komputer',2,'2024-08-13 06:21:12','2024-08-13 06:21:12'),
(30,'IN244','Strategi Algoritmik',2,'2024-08-13 06:21:12','2024-08-13 06:21:12'),
(31,'IN260','Metode Penelitian Informatika',2,'2024-08-13 06:21:12','2024-08-13 06:21:12'),
(32,'IN261','Start-up Technopreneur',2,'2024-08-13 06:21:12','2024-08-13 06:21:12'),
(33,'IN270','Kerja Praktik',2,'2024-08-13 06:21:13','2024-08-13 06:21:13'),
(34,'IN271','Internet of Things',2,'2024-08-13 06:21:13','2024-08-13 06:21:13'),
(35,'IN280','Seminar Tugas Akhir',2,'2024-08-13 06:21:13','2024-08-13 06:21:13'),
(36,'IN281','Tugas Akhir',2,'2024-08-13 06:21:13','2024-08-13 06:21:13'),
(37,'IN288','AI Computing Platform',2,'2024-08-13 06:21:13','2024-08-13 06:21:13'),
(38,'IN291','Desain Sistem Kesehatan',2,'2024-08-13 06:21:13','2024-08-13 06:21:13'),
(39,'IN292','Pengantar Ilmu Kesehatan',2,'2024-08-13 06:21:13','2024-08-13 06:21:13'),
(40,'INF294202272','Digital Marketing',2,'2024-08-13 06:21:13','2024-08-13 06:21:13'),
(41,'MI110','Rekayasa Perangkat Lunak',2,'2024-08-13 06:21:13','2024-08-13 06:21:13'),
(42,'MI120','Pengelolaan Data Skala Besar',2,'2024-08-13 06:21:13','2024-08-13 06:21:13'),
(43,'MI130','Web Semantik',2,'2024-08-13 06:21:13','2024-08-13 06:21:13'),
(44,'MI140','Teknologi Open Source',2,'2024-08-13 06:21:13','2024-08-13 06:21:13'),
(45,'MI210','Metodologi Penelitian',2,'2024-08-13 06:21:13','2024-08-13 06:21:13'),
(46,'MI220','Data Analytics',2,'2024-08-13 06:21:13','2024-08-13 06:21:13'),
(47,'MI230','Pengelolaan Risiko Teknologi Informasi',2,'2024-08-13 06:21:13','2024-08-13 06:21:13'),
(48,'MI240','Kecerdasan Buatan',2,'2024-08-13 06:21:13','2024-08-13 06:21:13'),
(49,'MI250','Seminar Proposal Tesis',2,'2024-08-13 06:21:13','2024-08-13 06:21:13'),
(50,'MI310','Hukum Cyber',2,'2024-08-13 06:21:13','2024-08-13 06:21:13'),
(51,'MI320','Pengujian Kualitas Perangkat Lunak',2,'2024-08-13 06:21:13','2024-08-13 06:21:13'),
(52,'MI330','Tesis',2,'2024-08-13 06:21:13','2024-08-13 06:21:13'),
(53,'MK039','Bahasa Indonesia',2,'2024-08-13 06:21:13','2024-08-13 06:21:13'),
(54,'MK060','Fenomenologi Agama',2,'2024-08-13 06:21:13','2024-08-13 06:21:13'),
(55,'MK061','Etika Profesi',2,'2024-08-13 06:21:13','2024-08-13 06:21:13'),
(56,'MK062','Pendidikan Agama Kristen',2,'2024-08-13 06:21:13','2024-08-13 06:21:13'),
(57,'MKU002202373','Fenomenologi Agama',2,'2024-08-13 06:21:14','2024-08-13 06:21:14'),
(58,'MKU003202373','Pendidikan Agama Kristen',2,'2024-08-13 06:21:14','2024-08-13 06:21:14'),
(59,'SIB006202373','Statistika Bisnis',2,'2024-08-13 06:21:14','2024-08-13 06:21:14'),
(60,'SIB007202373','Proses Bisnis dan Fundamental ERP',2,'2024-08-13 06:21:14','2024-08-13 06:21:14'),
(61,'SIB008202373','Algoritma dan Struktur Data',2,'2024-08-13 06:21:14','2024-08-13 06:21:14'),
(62,'SIB009202373','Pemrograman Berorientasi Objek',2,'2024-08-13 06:21:14','2024-08-13 06:21:14'),
(63,'SIB010202373','Perancangan Basis Data',2,'2024-08-13 06:21:14','2024-08-13 06:21:14'),
(64,'SIB011202373','Perancangan Sistem Informasi',2,'2024-08-13 06:21:14','2024-08-13 06:21:14');
/*!40000 ALTER TABLE `mk` ENABLE KEYS */;
UNLOCK TABLES;

--
-- Table structure for table `password_reset_tokens`
--

DROP TABLE IF EXISTS `password_reset_tokens`;
/*!40101 SET @saved_cs_client     = @@character_set_client */;
/*!40101 SET character_set_client = utf8 */;
CREATE TABLE `password_reset_tokens` (
  `email` varchar(255) NOT NULL,
  `token` varchar(255) NOT NULL,
  `created_at` timestamp NULL DEFAULT NULL,
  PRIMARY KEY (`email`)
) ENGINE=InnoDB DEFAULT CHARSET=utf8mb4 COLLATE=utf8mb4_unicode_ci;
/*!40101 SET character_set_client = @saved_cs_client */;

--
-- Dumping data for table `password_reset_tokens`
--

LOCK TABLES `password_reset_tokens` WRITE;
/*!40000 ALTER TABLE `password_reset_tokens` DISABLE KEYS */;
/*!40000 ALTER TABLE `password_reset_tokens` ENABLE KEYS */;
UNLOCK TABLES;

--
-- Table structure for table `periode`
--

DROP TABLE IF EXISTS `periode`;
/*!40101 SET @saved_cs_client     = @@character_set_client */;
/*!40101 SET character_set_client = utf8 */;
CREATE TABLE `periode` (
  `id_periode` bigint(20) unsigned NOT NULL AUTO_INCREMENT,
  `nama_periode` varchar(255) NOT NULL,
  `tgl_mulai` date NOT NULL,
  `tgl_selesai` date NOT NULL,
  `created_at` timestamp NULL DEFAULT NULL,
  `updated_at` timestamp NULL DEFAULT NULL,
  PRIMARY KEY (`id_periode`)
) ENGINE=InnoDB DEFAULT CHARSET=utf8mb4 COLLATE=utf8mb4_unicode_ci;
/*!40101 SET character_set_client = @saved_cs_client */;

--
-- Dumping data for table `periode`
--

LOCK TABLES `periode` WRITE;
/*!40000 ALTER TABLE `periode` DISABLE KEYS */;
/*!40000 ALTER TABLE `periode` ENABLE KEYS */;
UNLOCK TABLES;

--
-- Table structure for table `personal_access_tokens`
--

DROP TABLE IF EXISTS `personal_access_tokens`;
/*!40101 SET @saved_cs_client     = @@character_set_client */;
/*!40101 SET character_set_client = utf8 */;
CREATE TABLE `personal_access_tokens` (
  `id` bigint(20) unsigned NOT NULL AUTO_INCREMENT,
  `tokenable_type` varchar(255) NOT NULL,
  `tokenable_id` bigint(20) unsigned NOT NULL,
  `name` varchar(255) NOT NULL,
  `token` varchar(64) NOT NULL,
  `abilities` text DEFAULT NULL,
  `last_used_at` timestamp NULL DEFAULT NULL,
  `expires_at` timestamp NULL DEFAULT NULL,
  `created_at` timestamp NULL DEFAULT NULL,
  `updated_at` timestamp NULL DEFAULT NULL,
  PRIMARY KEY (`id`),
  UNIQUE KEY `personal_access_tokens_token_unique` (`token`),
  KEY `personal_access_tokens_tokenable_type_tokenable_id_index` (`tokenable_type`,`tokenable_id`)
) ENGINE=InnoDB AUTO_INCREMENT=31 DEFAULT CHARSET=utf8mb4 COLLATE=utf8mb4_unicode_ci;
/*!40101 SET character_set_client = @saved_cs_client */;

--
-- Dumping data for table `personal_access_tokens`
--

LOCK TABLES `personal_access_tokens` WRITE;
/*!40000 ALTER TABLE `personal_access_tokens` DISABLE KEYS */;
INSERT INTO `personal_access_tokens` VALUES
(1,'App\\Models\\User',40,'MyApp','be29f1ce54bdd13b3258803dd32a68a9f7b87fba8f56fca458e25d61613f4021','[\"*\"]',NULL,NULL,'2024-09-06 07:37:53','2024-09-06 07:37:53'),
(3,'App\\Models\\User',37,'MyApp','1b1957d22aa6c44816c8b0dff70eed0f8b82f75c8b8b1117d048688cca57522f','[\"*\"]',NULL,NULL,'2024-09-06 07:45:31','2024-09-06 07:45:31'),
(4,'App\\Models\\User',37,'MyApp','bf6ec5d89854067fe1da82cd099a195561dc374af60e773d992eaa79c84a4ef7','[\"*\"]',NULL,NULL,'2024-09-06 07:45:42','2024-09-06 07:45:42'),
(5,'App\\Models\\User',37,'MyApp','f87e8e83a7c3e5f3f8f480c0e1064aa21eb70b846d25e13cc05c108e5dfd6c82','[\"*\"]',NULL,NULL,'2024-09-06 08:10:24','2024-09-06 08:10:24'),
(6,'App\\Models\\User',37,'MyApp','4923d136be17866e8078524f043002142058221f314774d9d151507d55b45702','[\"*\"]',NULL,NULL,'2024-09-06 08:12:21','2024-09-06 08:12:21'),
(7,'App\\Models\\User',37,'MyApp','35d43e1bc4f14298244893b314c673c25df852c4c2b0ab64259da3ccfb0265cb','[\"*\"]',NULL,NULL,'2024-09-06 08:14:09','2024-09-06 08:14:09'),
(8,'App\\Models\\User',37,'MyApp','135b8d73263fd58aa498ad2d4707f8ec7f92f54bba48cb36aab8c304a966bad2','[\"*\"]',NULL,NULL,'2024-09-06 08:30:18','2024-09-06 08:30:18'),
(9,'App\\Models\\User',37,'MyApp','4db60eea1b3dbc0ca102cc78d41a4a74adb3193958bac1a2b0ebf6379ce30de6','[\"*\"]',NULL,NULL,'2024-09-06 08:32:42','2024-09-06 08:32:42'),
(10,'App\\Models\\User',37,'MyApp','79526c656c9318e48fa76f6be8ab44f30da82a81a871ece42f577fa5999dbc6b','[\"*\"]',NULL,NULL,'2024-09-06 08:34:09','2024-09-06 08:34:09'),
(11,'App\\Models\\User',37,'MyApp','c13acc4855b62db1cedfc7d63250da509a535b801948139ba3a97cf4b598ba84','[\"*\"]',NULL,NULL,'2024-09-06 08:38:17','2024-09-06 08:38:17'),
(12,'App\\Models\\User',37,'MyApp','ab5988d5cb23dba6559061f49c5b06649ab217cdeb7179ef8bd1435613afe03f','[\"*\"]',NULL,NULL,'2024-09-06 08:41:06','2024-09-06 08:41:06'),
(13,'App\\Models\\User',37,'MyApp','6c2e96b6077fef1bf2f9b71609825b4a9842606beb119490f2c6a680a8b4826e','[\"*\"]',NULL,NULL,'2024-09-06 08:43:31','2024-09-06 08:43:31'),
(14,'App\\Models\\User',37,'MyApp','3ed702562f586a0bc0bdf87768472f9d4f1bc9b44f979ffd40a6cff6bd38b696','[\"*\"]',NULL,NULL,'2024-09-06 08:45:15','2024-09-06 08:45:15'),
(15,'App\\Models\\User',37,'MyApp','a590b75a9d9dc33cc3893f0c4bc4b90b578c39b3e6cc8d83ca913b644b834727','[\"*\"]',NULL,NULL,'2024-09-06 08:46:13','2024-09-06 08:46:13'),
(16,'App\\Models\\User',37,'MyApp','b00d1847515e922955f395dd4dd8943c200ea74c0c3c275c9673660f1d1ad8cb','[\"*\"]',NULL,NULL,'2024-09-06 08:46:51','2024-09-06 08:46:51'),
(17,'App\\Models\\User',37,'MyApp','110b8d2759d3c46c960d3ef7496da89e42d8e59a512b072e9e9b405b760b8510','[\"*\"]',NULL,NULL,'2024-09-06 08:47:51','2024-09-06 08:47:51'),
(18,'App\\Models\\User',37,'MyApp','dab6a943a2edbf04b008b5e6156c0e7d09c616bd3af2adb66133485e6f4731e9','[\"*\"]',NULL,NULL,'2024-09-06 08:48:59','2024-09-06 08:48:59'),
(19,'App\\Models\\User',37,'MyApp','77159398cc07ae2821a161a74447ab6900123c121384b9c587bab89237c9d6c5','[\"*\"]',NULL,NULL,'2024-09-06 08:50:01','2024-09-06 08:50:01'),
(20,'App\\Models\\User',37,'MyApp','5068dd2cac926dcdf94d4fde739d13ac6374d6befff3711f46ebdab95a3ff45b','[\"*\"]',NULL,NULL,'2024-09-06 08:50:58','2024-09-06 08:50:58'),
(21,'App\\Models\\User',37,'MyApp','7254ec7790da16b4c125f470521e23af4ad7582b2b35992ed0f3532b4e12aa73','[\"*\"]',NULL,NULL,'2024-09-06 08:51:38','2024-09-06 08:51:38'),
(22,'App\\Models\\User',37,'MyApp','a21307ff0f08b1b010c0c3341053dfdfb972bc8ed4352b364fa577159a5b186e','[\"*\"]',NULL,NULL,'2024-09-06 08:52:13','2024-09-06 08:52:13'),
(23,'App\\Models\\User',37,'MyApp','ade37d32dd2e66d50a042f78b5b7b96cb463cff8e9432cad3cc8c3000bbeda5c','[\"*\"]',NULL,NULL,'2024-09-06 08:53:22','2024-09-06 08:53:22'),
(24,'App\\Models\\User',37,'MyApp','3272ca999d7102803bcb5dcd7eba5fbf8dacfb5ea5dad3ac6e484e72bd162e99','[\"*\"]',NULL,NULL,'2024-09-06 08:54:09','2024-09-06 08:54:09'),
(25,'App\\Models\\User',37,'MyApp','847b11c5392064d85587318a3a577746d688c58d46b2a542e47f3fb5b8544e55','[\"*\"]',NULL,NULL,'2024-09-06 08:54:43','2024-09-06 08:54:43'),
(26,'App\\Models\\User',37,'MyApp','fdfd7ba1d38578cbb88ad49447d5aaf2a66d8fb9c17de9cd860b5ca0483c5df5','[\"*\"]',NULL,NULL,'2024-09-06 08:55:36','2024-09-06 08:55:36'),
(27,'App\\Models\\User',37,'MyApp','1c711e9e4b5cc5171101c7da2873c942700d5a5a0322e1ba096b505ab83e1540','[\"*\"]',NULL,NULL,'2024-09-06 08:57:40','2024-09-06 08:57:40'),
(28,'App\\Models\\User',37,'MyApp','f6090a44752978f63a8692f976d8b61ee114d1e1736d9aeb9779835f331acb93','[\"*\"]',NULL,NULL,'2024-09-06 08:58:36','2024-09-06 08:58:36'),
(29,'App\\Models\\User',37,'MyApp','3ba06dec6acb1efcdbbfa723edb62afa7446d8e6ac1d5d2643de54606390ee05','[\"*\"]',NULL,NULL,'2024-09-06 08:59:47','2024-09-06 08:59:47'),
(30,'App\\Models\\User',37,'MyApp','566f6aaed17f54ccfea1cde0220646484be3245335d3c87ab8af62bdbd90b590','[\"*\"]',NULL,NULL,'2024-09-06 09:02:42','2024-09-06 09:02:42');
/*!40000 ALTER TABLE `personal_access_tokens` ENABLE KEYS */;
UNLOCK TABLES;

--
-- Table structure for table `pertemuan`
--

DROP TABLE IF EXISTS `pertemuan`;
/*!40101 SET @saved_cs_client     = @@character_set_client */;
/*!40101 SET character_set_client = utf8 */;
CREATE TABLE `pertemuan` (
  `id_pertemuan` bigint(20) unsigned NOT NULL AUTO_INCREMENT,
  `id_kelas` int(11) NOT NULL,
  `no_pertemuan` int(11) NOT NULL,
  `tgl_pertemuan` date NOT NULL,
  `created_at` timestamp NULL DEFAULT NULL,
  `updated_at` timestamp NULL DEFAULT NULL,
  PRIMARY KEY (`id_pertemuan`)
) ENGINE=InnoDB AUTO_INCREMENT=2 DEFAULT CHARSET=utf8mb4 COLLATE=utf8mb4_unicode_ci;
/*!40101 SET character_set_client = @saved_cs_client */;

--
-- Dumping data for table `pertemuan`
--

LOCK TABLES `pertemuan` WRITE;
/*!40000 ALTER TABLE `pertemuan` DISABLE KEYS */;
INSERT INTO `pertemuan` VALUES
(1,1,1,'2024-07-02','2024-09-06 08:44:40','2024-09-06 08:44:40');
/*!40000 ALTER TABLE `pertemuan` ENABLE KEYS */;
UNLOCK TABLES;

--
-- Table structure for table `pertemuan_photo`
--

DROP TABLE IF EXISTS `pertemuan_photo`;
/*!40101 SET @saved_cs_client     = @@character_set_client */;
/*!40101 SET character_set_client = utf8 */;
CREATE TABLE `pertemuan_photo` (
  `id_pertemuan_photo` bigint(20) unsigned NOT NULL AUTO_INCREMENT,
  `id_pertemuan` int(11) NOT NULL,
  `id_photo` int(11) NOT NULL,
  `created_at` timestamp NULL DEFAULT NULL,
  `updated_at` timestamp NULL DEFAULT NULL,
  PRIMARY KEY (`id_pertemuan_photo`)
) ENGINE=InnoDB DEFAULT CHARSET=utf8mb4 COLLATE=utf8mb4_unicode_ci;
/*!40101 SET character_set_client = @saved_cs_client */;

--
-- Dumping data for table `pertemuan_photo`
--

LOCK TABLES `pertemuan_photo` WRITE;
/*!40000 ALTER TABLE `pertemuan_photo` DISABLE KEYS */;
/*!40000 ALTER TABLE `pertemuan_photo` ENABLE KEYS */;
UNLOCK TABLES;

--
-- Table structure for table `photo`
--

DROP TABLE IF EXISTS `photo`;
/*!40101 SET @saved_cs_client     = @@character_set_client */;
/*!40101 SET character_set_client = utf8 */;
CREATE TABLE `photo` (
  `id_photo` bigint(20) unsigned NOT NULL AUTO_INCREMENT,
  `path` varchar(255) NOT NULL,
  `created_at` timestamp NULL DEFAULT NULL,
  `updated_at` timestamp NULL DEFAULT NULL,
  PRIMARY KEY (`id_photo`)
) ENGINE=InnoDB DEFAULT CHARSET=utf8mb4 COLLATE=utf8mb4_unicode_ci;
/*!40101 SET character_set_client = @saved_cs_client */;

--
-- Dumping data for table `photo`
--

LOCK TABLES `photo` WRITE;
/*!40000 ALTER TABLE `photo` DISABLE KEYS */;
/*!40000 ALTER TABLE `photo` ENABLE KEYS */;
UNLOCK TABLES;

--
-- Table structure for table `user_kelas`
--

DROP TABLE IF EXISTS `user_kelas`;
/*!40101 SET @saved_cs_client     = @@character_set_client */;
/*!40101 SET character_set_client = utf8 */;
CREATE TABLE `user_kelas` (
  `id_user_kelas` bigint(20) unsigned NOT NULL AUTO_INCREMENT,
  `id_user` int(11) NOT NULL,
  `id_kelas` int(11) NOT NULL,
  `created_at` timestamp NULL DEFAULT NULL,
  `updated_at` timestamp NULL DEFAULT NULL,
  PRIMARY KEY (`id_user_kelas`)
) ENGINE=InnoDB AUTO_INCREMENT=156 DEFAULT CHARSET=utf8mb4 COLLATE=utf8mb4_unicode_ci;
/*!40101 SET character_set_client = @saved_cs_client */;

--
-- Dumping data for table `user_kelas`
--

LOCK TABLES `user_kelas` WRITE;
/*!40000 ALTER TABLE `user_kelas` DISABLE KEYS */;
INSERT INTO `user_kelas` VALUES
(1,26,1,'2024-08-13 06:21:11','2024-08-13 06:21:11'),
(2,27,2,'2024-08-13 06:21:11','2024-08-13 06:21:11'),
(3,27,3,'2024-08-13 06:21:11','2024-08-13 06:21:11'),
(4,28,4,'2024-08-13 06:21:11','2024-08-13 06:21:11'),
(5,29,5,'2024-08-13 06:21:11','2024-08-13 06:21:11'),
(6,29,6,'2024-08-13 06:21:11','2024-08-13 06:21:11'),
(7,29,7,'2024-08-13 06:21:11','2024-08-13 06:21:11'),
(8,30,8,'2024-08-13 06:21:11','2024-08-13 06:21:11'),
(9,30,9,'2024-08-13 06:21:11','2024-08-13 06:21:11'),
(10,31,10,'2024-08-13 06:21:11','2024-08-13 06:21:11'),
(11,32,11,'2024-08-13 06:21:11','2024-08-13 06:21:11'),
(12,30,12,'2024-08-13 06:21:11','2024-08-13 06:21:11'),
(13,33,13,'2024-08-13 06:21:11','2024-08-13 06:21:11'),
(14,33,14,'2024-08-13 06:21:11','2024-08-13 06:21:11'),
(15,33,15,'2024-08-13 06:21:11','2024-08-13 06:21:11'),
(16,28,16,'2024-08-13 06:21:11','2024-08-13 06:21:11'),
(17,34,17,'2024-08-13 06:21:12','2024-08-13 06:21:12'),
(18,34,18,'2024-08-13 06:21:12','2024-08-13 06:21:12'),
(19,30,19,'2024-08-13 06:21:12','2024-08-13 06:21:12'),
(20,28,20,'2024-08-13 06:21:12','2024-08-13 06:21:12'),
(21,35,21,'2024-08-13 06:21:12','2024-08-13 06:21:12'),
(22,35,22,'2024-08-13 06:21:12','2024-08-13 06:21:12'),
(23,36,23,'2024-08-13 06:21:12','2024-08-13 06:21:12'),
(24,31,24,'2024-08-13 06:21:12','2024-08-13 06:21:12'),
(25,31,25,'2024-08-13 06:21:12','2024-08-13 06:21:12'),
(26,37,26,'2024-08-13 06:21:12','2024-08-13 06:21:12'),
(27,37,27,'2024-08-13 06:21:12','2024-08-13 06:21:12'),
(28,37,28,'2024-08-13 06:21:12','2024-08-13 06:21:12'),
(29,38,29,'2024-08-13 06:21:12','2024-08-13 06:21:12'),
(30,38,30,'2024-08-13 06:21:12','2024-08-13 06:21:12'),
(31,38,31,'2024-08-13 06:21:12','2024-08-13 06:21:12'),
(32,38,32,'2024-08-13 06:21:12','2024-08-13 06:21:12'),
(33,39,33,'2024-08-13 06:21:12','2024-08-13 06:21:12'),
(34,39,34,'2024-08-13 06:21:12','2024-08-13 06:21:12'),
(35,39,35,'2024-08-13 06:21:12','2024-08-13 06:21:12'),
(36,40,36,'2024-08-13 06:21:12','2024-08-13 06:21:12'),
(37,41,37,'2024-08-13 06:21:12','2024-08-13 06:21:12'),
(38,41,38,'2024-08-13 06:21:12','2024-08-13 06:21:12'),
(39,42,39,'2024-08-13 06:21:12','2024-08-13 06:21:12'),
(40,43,40,'2024-08-13 06:21:12','2024-08-13 06:21:12'),
(41,44,41,'2024-08-13 06:21:12','2024-08-13 06:21:12'),
(42,40,42,'2024-08-13 06:21:12','2024-08-13 06:21:12'),
(43,40,43,'2024-08-13 06:21:12','2024-08-13 06:21:12'),
(44,45,44,'2024-08-13 06:21:12','2024-08-13 06:21:12'),
(45,45,45,'2024-08-13 06:21:12','2024-08-13 06:21:12'),
(46,39,46,'2024-08-13 06:21:12','2024-08-13 06:21:12'),
(47,39,47,'2024-08-13 06:21:12','2024-08-13 06:21:12'),
(48,46,48,'2024-08-13 06:21:12','2024-08-13 06:21:12'),
(49,46,49,'2024-08-13 06:21:12','2024-08-13 06:21:12'),
(50,34,50,'2024-08-13 06:21:12','2024-08-13 06:21:12'),
(51,34,51,'2024-08-13 06:21:12','2024-08-13 06:21:12'),
(52,37,52,'2024-08-13 06:21:12','2024-08-13 06:21:12'),
(53,37,53,'2024-08-13 06:21:12','2024-08-13 06:21:12'),
(54,46,54,'2024-08-13 06:21:12','2024-08-13 06:21:12'),
(55,46,55,'2024-08-13 06:21:12','2024-08-13 06:21:12'),
(56,45,56,'2024-08-13 06:21:12','2024-08-13 06:21:12'),
(57,45,57,'2024-08-13 06:21:12','2024-08-13 06:21:12'),
(58,45,58,'2024-08-13 06:21:12','2024-08-13 06:21:12'),
(59,38,59,'2024-08-13 06:21:12','2024-08-13 06:21:12'),
(60,47,60,'2024-08-13 06:21:12','2024-08-13 06:21:12'),
(61,47,61,'2024-08-13 06:21:12','2024-08-13 06:21:12'),
(62,47,62,'2024-08-13 06:21:12','2024-08-13 06:21:12'),
(63,47,63,'2024-08-13 06:21:12','2024-08-13 06:21:12'),
(64,44,64,'2024-08-13 06:21:12','2024-08-13 06:21:12'),
(65,44,65,'2024-08-13 06:21:12','2024-08-13 06:21:12'),
(66,48,66,'2024-08-13 06:21:12','2024-08-13 06:21:12'),
(67,48,67,'2024-08-13 06:21:12','2024-08-13 06:21:12'),
(68,36,68,'2024-08-13 06:21:12','2024-08-13 06:21:12'),
(69,38,69,'2024-08-13 06:21:12','2024-08-13 06:21:12'),
(70,41,70,'2024-08-13 06:21:12','2024-08-13 06:21:12'),
(71,41,71,'2024-08-13 06:21:12','2024-08-13 06:21:12'),
(72,31,72,'2024-08-13 06:21:12','2024-08-13 06:21:12'),
(73,49,73,'2024-08-13 06:21:12','2024-08-13 06:21:12'),
(74,36,74,'2024-08-13 06:21:12','2024-08-13 06:21:12'),
(75,38,75,'2024-08-13 06:21:12','2024-08-13 06:21:12'),
(76,32,76,'2024-08-13 06:21:12','2024-08-13 06:21:12'),
(77,32,77,'2024-08-13 06:21:13','2024-08-13 06:21:13'),
(78,40,78,'2024-08-13 06:21:13','2024-08-13 06:21:13'),
(79,50,79,'2024-08-13 06:21:13','2024-08-13 06:21:13'),
(80,50,80,'2024-08-13 06:21:13','2024-08-13 06:21:13'),
(81,43,81,'2024-08-13 06:21:13','2024-08-13 06:21:13'),
(82,43,82,'2024-08-13 06:21:13','2024-08-13 06:21:13'),
(83,43,83,'2024-08-13 06:21:13','2024-08-13 06:21:13'),
(84,43,84,'2024-08-13 06:21:13','2024-08-13 06:21:13'),
(85,51,85,'2024-08-13 06:21:13','2024-08-13 06:21:13'),
(86,52,86,'2024-08-13 06:21:13','2024-08-13 06:21:13'),
(87,53,86,'2024-08-13 06:21:13','2024-08-13 06:21:13'),
(88,54,86,'2024-08-13 06:21:13','2024-08-13 06:21:13'),
(89,55,86,'2024-08-13 06:21:13','2024-08-13 06:21:13'),
(90,56,86,'2024-08-13 06:21:13','2024-08-13 06:21:13'),
(91,57,86,'2024-08-13 06:21:13','2024-08-13 06:21:13'),
(92,58,86,'2024-08-13 06:21:13','2024-08-13 06:21:13'),
(93,59,86,'2024-08-13 06:21:13','2024-08-13 06:21:13'),
(94,60,86,'2024-08-13 06:21:13','2024-08-13 06:21:13'),
(95,61,86,'2024-08-13 06:21:13','2024-08-13 06:21:13'),
(96,62,86,'2024-08-13 06:21:13','2024-08-13 06:21:13'),
(97,63,86,'2024-08-13 06:21:13','2024-08-13 06:21:13'),
(98,32,87,'2024-08-13 06:21:13','2024-08-13 06:21:13'),
(99,38,88,'2024-08-13 06:21:13','2024-08-13 06:21:13'),
(100,31,89,'2024-08-13 06:21:13','2024-08-13 06:21:13'),
(101,48,90,'2024-08-13 06:21:13','2024-08-13 06:21:13'),
(102,50,91,'2024-08-13 06:21:13','2024-08-13 06:21:13'),
(103,27,92,'2024-08-13 06:21:13','2024-08-13 06:21:13'),
(104,44,93,'2024-08-13 06:21:13','2024-08-13 06:21:13'),
(105,36,94,'2024-08-13 06:21:13','2024-08-13 06:21:13'),
(106,49,95,'2024-08-13 06:21:13','2024-08-13 06:21:13'),
(107,48,96,'2024-08-13 06:21:13','2024-08-13 06:21:13'),
(108,44,97,'2024-08-13 06:21:13','2024-08-13 06:21:13'),
(109,26,98,'2024-08-13 06:21:13','2024-08-13 06:21:13'),
(110,48,99,'2024-08-13 06:21:13','2024-08-13 06:21:13'),
(111,50,99,'2024-08-13 06:21:13','2024-08-13 06:21:13'),
(112,34,99,'2024-08-13 06:21:13','2024-08-13 06:21:13'),
(113,31,99,'2024-08-13 06:21:13','2024-08-13 06:21:13'),
(114,44,99,'2024-08-13 06:21:13','2024-08-13 06:21:13'),
(115,27,99,'2024-08-13 06:21:13','2024-08-13 06:21:13'),
(116,44,100,'2024-08-13 06:21:13','2024-08-13 06:21:13'),
(117,64,101,'2024-08-13 06:21:13','2024-08-13 06:21:13'),
(118,64,102,'2024-08-13 06:21:13','2024-08-13 06:21:13'),
(119,64,103,'2024-08-13 06:21:13','2024-08-13 06:21:13'),
(120,65,104,'2024-08-13 06:21:13','2024-08-13 06:21:13'),
(121,26,105,'2024-08-13 06:21:13','2024-08-13 06:21:13'),
(122,26,106,'2024-08-13 06:21:13','2024-08-13 06:21:13'),
(123,66,107,'2024-08-13 06:21:14','2024-08-13 06:21:14'),
(124,66,108,'2024-08-13 06:21:14','2024-08-13 06:21:14'),
(125,67,109,'2024-08-13 06:21:14','2024-08-13 06:21:14'),
(126,68,110,'2024-08-13 06:21:14','2024-08-13 06:21:14'),
(127,27,111,'2024-08-13 06:21:14','2024-08-13 06:21:14'),
(128,27,112,'2024-08-13 06:21:14','2024-08-13 06:21:14'),
(129,41,113,'2024-08-13 06:21:14','2024-08-13 06:21:14'),
(130,69,114,'2024-08-13 06:21:14','2024-08-13 06:21:14'),
(131,49,115,'2024-08-13 06:21:14','2024-08-13 06:21:14'),
(132,49,116,'2024-08-13 06:21:14','2024-08-13 06:21:14'),
(133,36,117,'2024-08-13 06:21:14','2024-08-13 06:21:14'),
(134,36,118,'2024-08-13 06:21:14','2024-08-13 06:21:14'),
(135,33,119,'2024-08-13 06:21:14','2024-08-13 06:21:14'),
(136,33,120,'2024-08-13 06:21:14','2024-08-13 06:21:14'),
(137,70,121,'2024-08-13 06:21:14','2024-08-13 06:21:14'),
(138,34,122,'2024-08-13 06:21:14','2024-08-13 06:21:14'),
(139,71,123,'2024-08-13 06:21:14','2024-08-13 06:21:14'),
(140,1,24,'2024-09-06 05:08:42','2024-09-06 05:08:42'),
(141,1,42,'2024-09-06 05:08:42','2024-09-06 05:08:42'),
(142,1,60,'2024-09-06 05:08:42','2024-09-06 05:08:42'),
(143,1,78,'2024-09-06 05:08:42','2024-09-06 05:08:42'),
(144,2,24,'2024-09-06 06:38:43','2024-09-06 06:38:43'),
(145,2,42,'2024-09-06 06:38:43','2024-09-06 06:38:43'),
(146,2,60,'2024-09-06 06:38:43','2024-09-06 06:38:43'),
(147,2,78,'2024-09-06 06:38:43','2024-09-06 06:38:43'),
(148,6,24,'2024-09-06 06:38:43','2024-09-06 06:38:43'),
(149,6,42,'2024-09-06 06:38:43','2024-09-06 06:38:43'),
(150,6,60,'2024-09-06 06:38:43','2024-09-06 06:38:43'),
(151,6,78,'2024-09-06 06:38:43','2024-09-06 06:38:43'),
(152,18,24,'2024-09-06 06:38:43','2024-09-06 06:38:43'),
(153,18,42,'2024-09-06 06:38:43','2024-09-06 06:38:43'),
(154,18,60,'2024-09-06 06:38:43','2024-09-06 06:38:43'),
(155,18,78,'2024-09-06 06:38:43','2024-09-06 06:38:43');
/*!40000 ALTER TABLE `user_kelas` ENABLE KEYS */;
UNLOCK TABLES;

--
-- Table structure for table `users`
--

DROP TABLE IF EXISTS `users`;
/*!40101 SET @saved_cs_client     = @@character_set_client */;
/*!40101 SET character_set_client = utf8 */;
CREATE TABLE `users` (
  `id` bigint(20) unsigned NOT NULL AUTO_INCREMENT,
  `kode_user` varchar(255) NOT NULL,
  `name` varchar(255) NOT NULL,
  `email` varchar(255) NOT NULL,
  `email_verified_at` timestamp NULL DEFAULT NULL,
  `password` varchar(255) NOT NULL,
  `remember_token` varchar(100) DEFAULT NULL,
  `created_at` timestamp NULL DEFAULT NULL,
  `updated_at` timestamp NULL DEFAULT NULL,
  `role` int(11) DEFAULT NULL,
  PRIMARY KEY (`id`),
  UNIQUE KEY `users_kode_user_unique` (`kode_user`),
  UNIQUE KEY `users_email_unique` (`email`)
) ENGINE=InnoDB AUTO_INCREMENT=72 DEFAULT CHARSET=utf8mb4 COLLATE=utf8mb4_unicode_ci;
/*!40101 SET character_set_client = @saved_cs_client */;

--
-- Dumping data for table `users`
--

LOCK TABLES `users` WRITE;
/*!40000 ALTER TABLE `users` DISABLE KEYS */;
INSERT INTO `users` VALUES
(1,'2172002','JERRY LIVANO ARSIANTO','=_xlfn.CONCAT(A2,\"@maranatha.ac.id\")',NULL,'$2y$10$3vXMdkQRneQ9o0Usq4wFGum7agP2sTatirefmoDemn2.dhcoRUPZC',NULL,'2024-08-13 05:59:47','2024-08-13 05:59:47',3),
(2,'2172032','TRISTAN VIVALDY','=_xlfn.CONCAT(A3,\"@maranatha.ac.id\")',NULL,'$2y$10$Wqauan6t6E02JHsVD1CZteiZ4aWAH3am46vE.ZeETTdZ3VEvrzQb2',NULL,'2024-08-13 05:59:47','2024-08-13 05:59:47',3),
(3,'2172016','ALVIN RAHMATILASYAH','=_xlfn.CONCAT(A4,\"@maranatha.ac.id\")',NULL,'$2y$10$MiuuxiYxbZHwuXZhsmSZL.IFXs4YJSJX7Ysq4FXjhuSKAkWXdqnTu',NULL,'2024-08-13 05:59:47','2024-08-13 05:59:47',3),
(4,'2172008','CHRISTOPHER RICHARD ALEXANDER','=_xlfn.CONCAT(A5,\"@maranatha.ac.id\")',NULL,'$2y$10$AhaA70r0WDCyEXj68gqsneaSoQKAxNQtFGYIMSWRq2inQm6D/Vp.q',NULL,'2024-08-13 05:59:47','2024-08-13 05:59:47',3),
(5,'2072017','EVAN AGUSTIAN LUKIUS','=_xlfn.CONCAT(A6,\"@maranatha.ac.id\")',NULL,'$2y$10$Fp1lzQb2y9sJ1ZikGUEaWOr2msNTBder/y7ZyJE0TwzZPRIuFQu/S',NULL,'2024-08-13 05:59:47','2024-08-13 05:59:47',3),
(6,'2172030','FEMMY FRISCILLA SUSILO','=_xlfn.CONCAT(A7,\"@maranatha.ac.id\")',NULL,'$2y$10$/10ND6Xe.urYfritoegOyexjg4QuMZqEVQtNlVwHoHgM86wRMtxye',NULL,'2024-08-13 05:59:47','2024-08-13 05:59:47',3),
(7,'2172007','FRANSISCA ELIZABETH YONNALIKA','=_xlfn.CONCAT(A8,\"@maranatha.ac.id\")',NULL,'$2y$10$rEWkqwX/fpOHqXHEFgd5g.ivFYd/GEjk/BA8WG0sIAA/cZOPJMSCa',NULL,'2024-08-13 05:59:48','2024-08-13 05:59:48',3),
(8,'2172026','NATHAN JOSHUA','=_xlfn.CONCAT(A9,\"@maranatha.ac.id\")',NULL,'$2y$10$BlOfIg.h6ZvpzsmT1jbX8Oljk8zjj/OIyIgehtVH6LPuOXGzYph/S',NULL,'2024-08-13 05:59:48','2024-08-13 05:59:48',3),
(9,'2172021','TABITHA EMMANUELLA KOTAMBUNAN','=_xlfn.CONCAT(A10,\"@maranatha.ac.id\")',NULL,'$2y$10$PtShOK1XtED0m.mGP03M/uTSdOcY.Vp4ciNI06YMMA.b2c/3puGay',NULL,'2024-08-13 05:59:48','2024-08-13 05:59:48',3),
(10,'2172019','THORIQ HIDAYANSYAH','=_xlfn.CONCAT(A11,\"@maranatha.ac.id\")',NULL,'$2y$10$FWuqE7DDi.1M6x3qisNFc.l9lM6h4OAJAzUKkkWoyP27Xx/eThcai',NULL,'2024-08-13 05:59:48','2024-08-13 05:59:48',3),
(11,'2172042','VERONICA MARCELLA ANGELA SIMALANGO','=_xlfn.CONCAT(A12,\"@maranatha.ac.id\")',NULL,'$2y$10$ACfB/UOaAmMOzMMMA/z6.eSP5SxSZX20HjN0/Y9M9hveWNVUcxKXC',NULL,'2024-08-13 05:59:48','2024-08-13 05:59:48',3),
(12,'2172023','WILLYANDIE SAPUTRA','=_xlfn.CONCAT(A13,\"@maranatha.ac.id\")',NULL,'$2y$10$oNLct5dv9Jo1N.AeA4EymOkx.BE0olkQTd/MQ99p1z47Sl2tPYH3y',NULL,'2024-08-13 05:59:48','2024-08-13 05:59:48',3),
(13,'2172005','YOVIE ADHISTI MULYONO','=_xlfn.CONCAT(A14,\"@maranatha.ac.id\")',NULL,'$2y$10$Ek9lTPNT0f7fkSDkH8dwaeizvjuBgyHIGRaK8zaNa7rA2.sP5Pi4u',NULL,'2024-08-13 05:59:48','2024-08-13 05:59:48',3),
(14,'2172027','Cristianto Tri Arthurito','=_xlfn.CONCAT(A15,\"@maranatha.ac.id\")',NULL,'$2y$10$UKNbAVixxhDfh2IGKjMa6Oclgq2/VGGxhA1T0r9wwfTVD6t8DeL0.',NULL,'2024-08-13 05:59:48','2024-08-13 05:59:48',3),
(15,'2072031','Devin Aditya Putra Pratama','=_xlfn.CONCAT(A16,\"@maranatha.ac.id\")',NULL,'$2y$10$DMCxwYBsuobr/RzQ8vtrVuEQDEdoJthIjRaEYZsizrkfTo3xfV4LO',NULL,'2024-08-13 05:59:48','2024-08-13 05:59:48',3),
(16,'2072002','Elvira Bonaventura','=_xlfn.CONCAT(A17,\"@maranatha.ac.id\")',NULL,'$2y$10$G2zWkd/zKzI4zSVW4Z4gX.AqGbSaWyGRGcTb6AfjXPXmM.94wCSWe',NULL,'2024-08-13 05:59:48','2024-08-13 05:59:48',3),
(17,'2072012','Jason Himendrian Hofendi','=_xlfn.CONCAT(A18,\"@maranatha.ac.id\")',NULL,'$2y$10$W6jFJMrH1UVB6A.9IYwc4uc9RZlB/SlitaXmBz7lq4jZUTSnF//Ym',NULL,'2024-08-13 05:59:48','2024-08-13 05:59:48',3),
(18,'2172028','Laurentius Gusti Ontoseno Panata Yudha','=_xlfn.CONCAT(A19,\"@maranatha.ac.id\")',NULL,'$2y$10$N3NzNxTisjR6v1JrrvxLXOGzMBm03jpSO5/SF26DPHwc/HrgbZJwu',NULL,'2024-08-13 05:59:48','2024-08-13 05:59:48',3),
(19,'2072004','Nathanael David Fanjaya','=_xlfn.CONCAT(A20,\"@maranatha.ac.id\")',NULL,'$2y$10$xe7KsJXRsYW2FvwvgF.UKuDuQQoX6mul2Qf/W33p8RgKCnhHdQaly',NULL,'2024-08-13 05:59:48','2024-08-13 05:59:48',3),
(20,'2072006','Rifqi Dewataprana Sangka','=_xlfn.CONCAT(A21,\"@maranatha.ac.id\")',NULL,'$2y$10$A6DDEx3lSrwhzmclIQrJ.OfvboU2AEEOLyDi.sc65GJ3KrOT/.Jhi',NULL,'2024-08-13 05:59:48','2024-08-13 05:59:48',3),
(21,'2072013','STEFANUS','=_xlfn.CONCAT(A22,\"@maranatha.ac.id\")',NULL,'$2y$10$AILKMp/jZeWj2GZqNMnEa.ZE9QFgtZrdrsTHTydPc3EUUp.UHpAbO',NULL,'2024-08-13 05:59:48','2024-08-13 05:59:48',3),
(22,'2072022','Vina Anjelina','=_xlfn.CONCAT(A23,\"@maranatha.ac.id\")',NULL,'$2y$10$ECF5pwj3NpmSJWwj2hvQQ.nxrcilViAHDzCYnzyucB9Ig6Gui3JfO',NULL,'2024-08-13 05:59:48','2024-08-13 05:59:48',3),
(23,'2172003','Yehezkiel David Setiawan','=_xlfn.CONCAT(A24,\"@maranatha.ac.id\")',NULL,'$2y$10$J.Glp5xL0o/ij3cZ4WvXtu2q9XLexOYYjtA2aW7T7LMDJU/GRCDxm',NULL,'2024-08-13 05:59:48','2024-08-13 05:59:48',3),
(24,'2072007','Michael Mathew Setiadi','=_xlfn.CONCAT(A25,\"@maranatha.ac.id\")',NULL,'$2y$10$gKFUrHjzvR1lMgBxDdtGCeV04NiL5yUXn3d4FD8Px/9QWyF/zvxLm',NULL,'2024-08-13 05:59:48','2024-08-13 05:59:48',3),
(25,'2072050','Puji Mei Indriana Sihombing','=_xlfn.CONCAT(A26,\"@maranatha.ac.id\")',NULL,'$2y$10$/GgM/Wn.1E7ck8kNMxPJQ.LHdrAagk7TmKtjPr0cPBQZe7lgjngwq',NULL,'2024-08-13 05:59:48','2024-08-13 05:59:48',3),
(26,'720317','Dr. Swat Lie, S.H., M.Hum.','720317',NULL,'$2y$10$Ciug2bRzabGxS5VU5Ev2fuBNRpgQd218o7Nscc5RIE1O6ePKBA/GK',NULL,'2024-08-13 06:21:11','2024-08-13 06:21:11',2),
(27,'730011','Setia Budi, S.Kom., M.Comp., Ph.D.','730011',NULL,'$2y$10$A6COkAuQkvWFUPg.cwgybO6BF5QX7ZRccP2SC8lsZNzTvkMIjWzd6',NULL,'2024-08-13 06:21:11','2024-08-13 06:21:11',2),
(28,'730009','Doro Edi, S.T., M. Kom.','730009',NULL,'$2y$10$tQODuaZxV5ak1it6AjEGV.okZB7ReyBPQkQ1Pho52Iz7NK3JdKGom',NULL,'2024-08-13 06:21:11','2024-08-13 06:21:11',2),
(29,'720211','Diana Trivena Yulianti, S.Kom., M.T.','720211',NULL,'$2y$10$rSDShWEfNK53tyw.vg9d8Oy60TJJoMRdSCwYMQ4UsCeKJ1rPO0PcO',NULL,'2024-08-13 06:21:11','2024-08-13 06:21:11',2),
(30,'730049','Adelia, S. Kom., M.T.','730049',NULL,'$2y$10$ZxvbRJaedTW5dA8eLsVPIu9FtcsHdrXOcNRXyh/3PxW/FM.Cyi9Kq',NULL,'2024-08-13 06:21:11','2024-08-13 06:21:11',2),
(31,'720140','Prof. Dr. Ir. Mewati Ayub, M.T.','720140',NULL,'$2y$10$SiH5DPEkvY80zIaMI1rc/.ikgvkx7aMlmtRBAFNFrvcWEV4tk78CS',NULL,'2024-08-13 06:21:11','2024-08-13 06:21:11',2),
(32,'720286','Julianti Kasih, M.Kom.','720286',NULL,'$2y$10$Wd9SVXbF.W8vQNFGl3jwR.kPxSkQWE7x6bYdLOjumrKHpo9dyiJwG',NULL,'2024-08-13 06:21:11','2024-08-13 06:21:11',2),
(33,'730062','Sendy Ferdian Sujadi, S.Kom., M.T.','730062',NULL,'$2y$10$y5Kj4qjYrh0J.aSPHALyWOxRtAc6Y1sbzihuxhBILRlfDhF1162uK',NULL,'2024-08-13 06:21:11','2024-08-13 06:21:11',2),
(34,'720080','Tjatur Kandaga, S.Si., M.T.','720080',NULL,'$2y$10$69J5VGxyfsIhEh2B7ukxP.RkSrZuvp1sMNXHOauU6cZTDr80fH1aG',NULL,'2024-08-13 06:21:11','2024-08-13 06:21:11',2),
(35,'410117','Pritz Hutabarat, S.T., M.Pd., Ph.D.','410117',NULL,'$2y$10$1zQQMpghry3FnTPJU9hpO.uvq3Cy4YDX08L4AomZJqE1hNWEzJnci',NULL,'2024-08-13 06:21:12','2024-08-13 06:21:12',2),
(36,'720309','Oscar Karnalim, S.T., M.T., Ph.D.','720309',NULL,'$2y$10$eT4tAu.Lu/qD5GRWntWaEePt.XgVv0MEKRBBZblkFVn/5B54Ed8u6',NULL,'2024-08-13 06:21:12','2024-08-13 06:21:12',2),
(37,'720247','Erico Darmawan Handoyo, S.Kom., M.T.','720247',NULL,'$2y$10$Z4QLy3gGOXLBLUhz5KOHpODEFZr6cqOQiZgioYECTeX2LGCUFsKau',NULL,'2024-08-13 06:21:12','2024-08-13 06:21:12',2),
(38,'720319','Rossevine Artha Nathasya, S.Kom., M.T.','720319',NULL,'$2y$10$8pcS5VpftD8Ly21XUUHv1.4npFEuJ/CiA.mJE/qSyvTQhzkuHz6re',NULL,'2024-08-13 06:21:12','2024-08-13 06:21:12',2),
(39,'720212','Daniel Jahja Surjawan, S.Kom., M.T.','720212',NULL,'$2y$10$RmQompbZVF6sb0OpeKBLZuuZcIYNvRLHaPqlJ0HlbTTrspa9bbp/a',NULL,'2024-08-13 06:21:12','2024-08-13 06:21:12',2),
(40,'710096','Sulaeman Santoso, S.Kom., M.T.','710096',NULL,'$2y$10$/CQERrjm3XVaOX4/V1M7DOfnCekxzEvtM48x5Lk4HRaJPAxe4g1be',NULL,'2024-08-13 06:21:12','2024-08-13 06:21:12',2),
(41,'720225','Meliana Christianti Johan, S.Kom., M.T.','720225',NULL,'$2y$10$dL.JKhJzAi7ph72Qv7Vqh.1Ei7V1fj/K2JeVIPMpIzSyg7SP1WkA.',NULL,'2024-08-13 06:21:12','2024-08-13 06:21:12',2),
(42,'210289','Ir. Olga Catherina Pattipawaej, M.S., Ph.D.','210289',NULL,'$2y$10$4k.iax1A0Is4/7rUzU.7JeMa3Il3Psfyrk3BjZTWy0QiGWwvY1XcO',NULL,'2024-08-13 06:21:12','2024-08-13 06:21:12',2),
(43,'720001','Hendra Bunyamin, S.Si., M.T.','720001',NULL,'$2y$10$lxat0ECwc.zoCnJ34r0q/.9DSq19yRZse/qn.CpUk4N60jkxkZPNK',NULL,'2024-08-13 06:21:12','2024-08-13 06:21:12',2),
(44,'720282','Andreas Widjaja, S.Si., M.Sc., Ph.D','720282',NULL,'$2y$10$pWc.fi0czx8kxCVaD4E46uJQKDoyivACXPpcYy6DdiCjf2UEAB15.',NULL,'2024-08-13 06:21:12','2024-08-13 06:21:12',2),
(45,'720004','Ir. Teddy Marcus Zakaria, M.T.','720004',NULL,'$2y$10$VHowxHcFRVpu7XhqZ/JpgOaYWt/xwlVZGxkMUj0pafsKf5zs2u2RK',NULL,'2024-08-13 06:21:12','2024-08-13 06:21:12',2),
(46,'710001','Risal, S.T., M.T.','710001',NULL,'$2y$10$SJNj3cc/0oHxZtbntyxIGOTj3u4al9MIupOT.HFYThKED7pPfS.e.',NULL,'2024-08-13 06:21:12','2024-08-13 06:21:12',2),
(47,'720307','Robby Tan, S.T., M.Kom.','720307',NULL,'$2y$10$irDCpMN7RFZYX7xeWy0Ave72cdVN/o.qsNTGiIDG5UKob14VqQwLK',NULL,'2024-08-13 06:21:12','2024-08-13 06:21:12',2),
(48,'710004','Dr. Hapnes Toba, M.Sc.','710004',NULL,'$2y$10$a5suD6GVp7P7uBDW9IbVRuA8Imp7Ssp/DgfcUY0aAbobtHf/ykvjG',NULL,'2024-08-13 06:21:12','2024-08-13 06:21:12',2),
(49,'720303','Wenny Franciska Senjaya, S.Kom., M.T., Ph.D.','720303',NULL,'$2y$10$/qBNCwVkLOHG37dCD/OPBOIgvDjS0R3TvQbVnKIVErWVhcLg7Qsam',NULL,'2024-08-13 06:21:12','2024-08-13 06:21:12',2),
(50,'720062','Dr. Bernard R Sutedja, S.Kom., M.Kom.','720062',NULL,'$2y$10$p2sdzA3WCLZzm8jC3VqpnuX.7sVaOVINDgtv/Oi0zSOWT0nA5bbOq',NULL,'2024-08-13 06:21:13','2024-08-13 06:21:13',2),
(51,'720320','Aulia Zahrina Qashri, S.Kom., M.Sc., M.Med.Sci.','720320',NULL,'$2y$10$W/b14/a2.9cuyeD4d0lsXuBJu97ZWfPk1yoMkVZyYacXjabusjhtK',NULL,'2024-08-13 06:21:13','2024-08-13 06:21:13',2),
(52,'110292','Dr. dr. Diana Krisanti Jasaputra, M.Kes.','110292',NULL,'$2y$10$O1HhJws352mSjMVfzgVFZe39vLxMpjaCJI9/L7eyfLZU9FR9zHPdK',NULL,'2024-08-13 06:21:13','2024-08-13 06:21:13',2),
(53,'110325','Prof. Dr. Teresa Liliana Wargasetia, M.Kes., PA (K).','110325',NULL,'$2y$10$q1EkTe0xSQgYabAkKg7GVupnzTtGzNO7N0XAo/RPjbLuDBIRy8pFW',NULL,'2024-08-13 06:21:13','2024-08-13 06:21:13',2),
(54,'110621','dr. Dedeh Supantini, Sp.S., M.Pd.Ked.','110621',NULL,'$2y$10$T4aSX1sfBVznNZdm6FcFouCrF0uubzNOAra2fPsOVSswbux8uCDjq',NULL,'2024-08-13 06:21:13','2024-08-13 06:21:13',2),
(55,'110626','dr. Adrian Suhendra, Sp.PK(K)., M.Kes.','110626',NULL,'$2y$10$KE2MogY.LeuWojq1TgRNiO.nrKsSfxGMCO5UA3r8ZQCKt2WmVXxj6',NULL,'2024-08-13 06:21:13','2024-08-13 06:21:13',2),
(56,'110835','dr. Dani, M.Kes.','110835',NULL,'$2y$10$.nq8rt4AYugVDA3vEmCCK.MIH9eSMd9zlnXt4z2miHTMnvdOc9/f.',NULL,'2024-08-13 06:21:13','2024-08-13 06:21:13',2),
(57,'110838','dr. Yenny Noor, MMRS.','110838',NULL,'$2y$10$YqkPtm2zFWKJ12Nz4Sp6/OghkCnSwxtaZpKI0IuNPB3PcpG1HbP9C',NULL,'2024-08-13 06:21:13','2024-08-13 06:21:13',2),
(58,'110970','dr. Mochamad Heddy Herdiman, M.Kes.','110970',NULL,'$2y$10$zSNn8J/ZrPrXWZoECKsfdezoJ5bnYIg.hZp4J7Hb42IlYTG0I1sFC',NULL,'2024-08-13 06:21:13','2024-08-13 06:21:13',2),
(59,'111203','Dr. dr. Julia Windi Gunadi, M.Kes.','111203',NULL,'$2y$10$rEYn67Y8T87tqE0qzFCLHu.PseKjD2QuN4ZqjD7yANUYgLj8vEbYW',NULL,'2024-08-13 06:21:13','2024-08-13 06:21:13',2),
(60,'111205','Dr. dr. Cindra Paskaria, M.K.M.','111205',NULL,'$2y$10$NrIxxj0ojWWSJWjglWLmdu/ZSHCk0t6rBjdq/Gi.olc7.SnUTOPX.',NULL,'2024-08-13 06:21:13','2024-08-13 06:21:13',2),
(61,'111306','dr. Anton Sumarpo, Ph.D.','111306',NULL,'$2y$10$m2kPNBqfuK2CDA.iUK4Ri.zA8GEHfDrtcPdD.4SZKWFq2uIiCnCu6',NULL,'2024-08-13 06:21:13','2024-08-13 06:21:13',2),
(62,'99000006','Prof. Dr. Muchtan Sujatno, dr., SpF(K).','99000006',NULL,'$2y$10$c9HVfL4MD02hGNxaZfFLbOkMvngmr0C1Icd14J6RZ/Wm0ZKg2ZNNq',NULL,'2024-08-13 06:21:13','2024-08-13 06:21:13',2),
(63,'99000429','Prof. Dr. Albert Manggading Hutapea, MPH., Ph.D.','99000429',NULL,'$2y$10$C8fKlHQObYVZjT9Eqpz6wujE8Qgp92XYs7SbJGTLGDgsh44e50gnS',NULL,'2024-08-13 06:21:13','2024-08-13 06:21:13',2),
(64,'99000266','Dr. Tri Sulistyaningtyas, M.Hum.','99000266',NULL,'$2y$10$jvQdwSPcvDR4nkMZTLG5WeQavVmkJRcVk2ILc1sFKAulnPoMBF3lu',NULL,'2024-08-13 06:21:13','2024-08-13 06:21:13',2),
(65,'99000303','Pdt. Agustria Empi, M.Min.','99000303',NULL,'$2y$10$Aq4y0NcSOUqErwn5Mysste1AHSbJVryoElwtZR68MyEjw2FtuFOYW',NULL,'2024-08-13 06:21:13','2024-08-13 06:21:13',2),
(66,'99000355','Stenly Djatah, Ph.D.','99000355',NULL,'$2y$10$fgG08YdYMBNDijMpkCNYPug9KDKcM750lLbLVnxCqBttJoAPlldA2',NULL,'2024-08-13 06:21:14','2024-08-13 06:21:14',2),
(67,'50003','Pdt. Hariman Andrey Pattianakotta, M.Th.','50003',NULL,'$2y$10$85Vd4Hm13HDsjYow1NMjke5PlW7kCvAfQ7HhX7dfqy12RCxqnY5YG',NULL,'2024-08-13 06:21:14','2024-08-13 06:21:14',2),
(68,'50002','Pdt. Yohanes Bambang Muljono, M.Th.','50002',NULL,'$2y$10$CBXpV4vU8LbGq5WRg7hFuuhyOoiotkPtQbWCNL.1dP5oMlNrXq3IC',NULL,'2024-08-13 06:21:14','2024-08-13 06:21:14',2),
(69,'730001','Radiant Victor Imbar, S. Kom., M.T.','730001',NULL,'$2y$10$/MqwoAQV0uB3rZEbBVgx.O6yhMpyFKXMyntxEeq.CGIaXLlRzrxMa',NULL,'2024-08-13 06:21:14','2024-08-13 06:21:14',2),
(70,'710071','Tiur Gantini, S.T., M.T.','710071',NULL,'$2y$10$Q9uUDnMQfS55pxR0ScDreeZ/Wb74eAGFH4IMWv1ZjQs9ByJWPgwGG',NULL,'2024-08-13 06:21:14','2024-08-13 06:21:14',2),
(71,'730015','Dr. Niko Ibrahim, S.Kom., M.I.T.','730015',NULL,'$2y$10$VPXVx59G.CBckGG2kcYeAOLPebuqk8wgzPU/GJIpWNZsPvRnEpbmi',NULL,'2024-08-13 06:21:14','2024-08-13 06:21:14',2);
/*!40000 ALTER TABLE `users` ENABLE KEYS */;
UNLOCK TABLES;
/*!40103 SET TIME_ZONE=@OLD_TIME_ZONE */;

/*!40101 SET SQL_MODE=@OLD_SQL_MODE */;
/*!40014 SET FOREIGN_KEY_CHECKS=@OLD_FOREIGN_KEY_CHECKS */;
/*!40014 SET UNIQUE_CHECKS=@OLD_UNIQUE_CHECKS */;
/*!40101 SET CHARACTER_SET_CLIENT=@OLD_CHARACTER_SET_CLIENT */;
/*!40101 SET CHARACTER_SET_RESULTS=@OLD_CHARACTER_SET_RESULTS */;
/*!40101 SET COLLATION_CONNECTION=@OLD_COLLATION_CONNECTION */;
/*!40111 SET SQL_NOTES=@OLD_SQL_NOTES */;

-- Dump completed on 2024-09-06  1:03:06
